{"cameraMode":{"drawMode":0,"name":"Shaded","section":"Shading Mode"},"sceneLighting":true,"audioPlay":false,"sceneViewState":{"showFog":true,"showMaterialUpdate":false,"showSkybox":true,"showFlares":true,"showImageEffects":true,"showParticleSystems":true},"in2DMode":false,"pivot":{"x":-0.14678120613098145,"y":2.0869407653808595,"z":0.5644021034240723},"rotation":{"x":-0.29093900322914126,"y":0.04189355671405792,"z":-0.012752835638821125,"w":-0.9557392597198486},"size":6.247082710266113,"orthographic":false}