{"cameraMode":{"drawMode":0,"name":"Shaded","section":"Shading Mode"},"sceneLighting":true,"audioPlay":false,"sceneViewState":{"showFog":true,"showMaterialUpdate":false,"showSkybox":true,"showFlares":true,"showImageEffects":true,"showParticleSystems":true},"in2DMode":false,"pivot":{"x":-1.176628828048706,"y":2.5482211112976076,"z":-1.3355331420898438},"rotation":{"x":-0.07419325411319733,"y":0.9185129404067993,"z":-0.2076256275177002,"w":-0.32822099328041079},"size":4.147038459777832,"orthographic":false}