{"cameraMode":{"drawMode":0,"name":"Shaded","section":"Shading Mode"},"sceneLighting":true,"audioPlay":false,"sceneViewState":{"showFog":true,"showMaterialUpdate":false,"showSkybox":true,"showFlares":true,"showImageEffects":true,"showParticleSystems":true},"in2DMode":false,"pivot":{"x":-0.2570762038230896,"y":2.5169146060943605,"z":-2.3648324012756349},"rotation":{"x":-0.02843112125992775,"y":0.06772634387016297,"z":-0.001930578495375812,"w":-0.9972992539405823},"size":2.1206109523773195,"orthographic":false}