{"cameraMode":{"drawMode":0,"name":"Shaded","section":"Shading Mode"},"sceneLighting":true,"audioPlay":false,"sceneViewState":{"showFog":true,"showMaterialUpdate":false,"showSkybox":true,"showFlares":true,"showImageEffects":true,"showParticleSystems":true},"in2DMode":false,"pivot":{"x":-26.397415161132814,"y":-22.355743408203126,"z":-24.92510223388672},"rotation":{"x":-0.32737287878990176,"y":-0.5158356428146362,"z":0.22224706411361695,"w":-0.7598462700843811},"size":49.10367202758789,"orthographic":false}