{"cameraMode":{"drawMode":0,"name":"Shaded","section":"Shading Mode"},"sceneLighting":false,"audioPlay":false,"sceneViewState":{"showFog":true,"showMaterialUpdate":false,"showSkybox":true,"showFlares":true,"showImageEffects":true,"showParticleSystems":true},"in2DMode":false,"pivot":{"x":67.91011810302735,"y":18.990768432617189,"z":-63.57072067260742},"rotation":{"x":0.11023322492837906,"y":0.7297962307929993,"z":-0.12119792401790619,"w":0.6637502908706665},"size":0.12003141641616821,"orthographic":false}