{"cameraMode":{"drawMode":0,"name":"Shaded","section":"Shading Mode"},"sceneLighting":false,"audioPlay":false,"sceneViewState":{"showFog":true,"showMaterialUpdate":false,"showSkybox":true,"showFlares":true,"showImageEffects":true,"showParticleSystems":true},"in2DMode":false,"pivot":{"x":67.06575012207031,"y":13.658105850219727,"z":-54.590354919433597},"rotation":{"x":0.1404382735490799,"y":0.05174237862229347,"z":-0.007329542655497789,"w":0.9887270927429199},"size":2.6038973331451418,"orthographic":false}