{"cameraMode":{"drawMode":0,"name":"Shaded","section":"Shading Mode"},"sceneLighting":true,"audioPlay":false,"sceneViewState":{"showFog":true,"showMaterialUpdate":false,"showSkybox":true,"showFlares":true,"showImageEffects":true,"showParticleSystems":true},"in2DMode":false,"pivot":{"x":-5.489999771118164,"y":-1.6299998760223389,"z":-5.579999923706055},"rotation":{"x":0.19253204762935639,"y":-0.12328227609395981,"z":0.024390770122408868,"w":0.9732163548469544},"size":1.2247450351715088,"orthographic":false}