{"cameraMode":{"drawMode":0,"name":"Shaded","section":"Shading Mode"},"sceneLighting":true,"audioPlay":false,"sceneViewState":{"showFog":true,"showMaterialUpdate":false,"showSkybox":true,"showFlares":true,"showImageEffects":true,"showParticleSystems":true},"in2DMode":false,"pivot":{"x":-25.244781494140626,"y":5.690739631652832,"z":6.651057720184326},"rotation":{"x":-0.3466678559780121,"y":0.48154303431510928,"z":-0.21522283554077149,"w":-0.7756408452987671},"size":1.8073949813842774,"orthographic":false}